Workbook

Sheet data_bulan_negara
A1: bulan | B1: negara | C1: net_revenue
A2: 40148 | B2: Australia | C2: 50.25
A3: 40148 | B3: Austria | C3: 1998.34
A4: 40148 | B4: Belgium | C4: 447.6
A5: 40148 | B5: Channel Islands | C5: 945.38
A6: 40148 | B6: Cyprus | C6: 3409.78
A7: 40148 | B7: Denmark | C7: 1384.46
A8: 40148 | B8: EIRE | C8: 19127.94
A9: 40148 | B9: Finland | C9: 549.08
A10: 40148 | B10: France | C10: 5555.04
A11: 40148 | B11: Germany | C11: 9516.04
A12: 40148 | B12: Greece | C12: 610.95
A13: 40148 | B13: Italy | C13: 398.2
... A595: 40878 | B595: United Kingdom | C595: 387768.48

Sheet cek_bulan
A1: bulan | B1: net_revenue_excel
A2: 40148 | B2: =SUMIFS(data_bulan_negara!$C$2:$C$595,data_bulan_negara!$A$2:$A$595,A2) -> 796648.5
A3: 40179 | B3: =SUMIFS(data_bulan_negara!$C$2:$C$595,data_bulan_negara!$A$2:$A$595,A3) -> 622479.5
A4: 40210 | B4: =SUMIFS(data_bulan_negara!$C$2:$C$595,data_bulan_negara!$A$2:$A$595,A4) -> 531265.36
A5: 40238 | B5: =SUMIFS(data_bulan_negara!$C$2:$C$595,data_bulan_negara!$A$2:$A$595,A5) -> 763247.24
A6: 40269 | B6: =SUMIFS(data_bulan_negara!$C$2:$C$595,data_bulan_negara!$A$2:$A$595,A6) -> 641521.05
A7: 40299 | B7: =SUMIFS(data_bulan_negara!$C$2:$C$595,data_bulan_negara!$A$2:$A$595,A7) -> 613270.72
A8: 40330 | B8: =SUMIFS(data_bulan_negara!$C$2:$C$595,data_bulan_negara!$A$2:$A$595,A8) -> 677073.87
A9: 40360 | B9: =SUMIFS(data_bulan_negara!$C$2:$C$595,data_bulan_negara!$A$2:$A$595,A9) -> 617365.48
A10: 40391 | B10: =SUMIFS(data_bulan_negara!$C$2:$C$595,data_bulan_negara!$A$2:$A$595,A10) -> 654774.39
A11: 40422 | B11: =SUMIFS(data_bulan_negara!$C$2:$C$595,data_bulan_negara!$A$2:$A$595,A11) -> 851105.96
A12: 40452 | B12: =SUMIFS(data_bulan_negara!$C$2:$C$595,data_bulan_negara!$A$2:$A$595,A12) -> 1080611.5
A13: 40483 | B13: =SUMIFS(data_bulan_negara!$C$2:$C$595,data_bulan_negara!$A$2:$A$595,A13) -> 1416697.2
... A26: 40878 | B26: =SUMIFS(data_bulan_negara!$C$2:$C$595,data_bulan_negara!$A$2:$A$595,A26) -> 432719.06

Sheet cek_negara
A1: negara | B1: net_revenue_excel
A2: Australia | B2: =SUMIFS(data_bulan_negara!$C$2:$C$595,data_bulan_negara!$B$2:$B$595,A2) -> 166444.42
A3: Austria | B3: =SUMIFS(data_bulan_negara!$C$2:$C$595,data_bulan_negara!$B$2:$B$595,A3) -> 23177.6
A4: Bahrain | B4: =SUMIFS(data_bulan_negara!$C$2:$C$595,data_bulan_negara!$B$2:$B$595,A4) -> 2861.55
A5: Belgium | B5: =SUMIFS(data_bulan_negara!$C$2:$C$595,data_bulan_negara!$B$2:$B$595,A5) -> 63208.89
A6: Bermuda | B6: =SUMIFS(data_bulan_negara!$C$2:$C$595,data_bulan_negara!$B$2:$B$595,A6) -> 1253.14
A7: Brazil | B7: =SUMIFS(data_bulan_negara!$C$2:$C$595,data_bulan_negara!$B$2:$B$595,A7) -> 1411.87
A8: Canada | B8: =SUMIFS(data_bulan_negara!$C$2:$C$595,data_bulan_negara!$B$2:$B$595,A8) -> 4883.04
A9: Channel Islands | B9: =SUMIFS(data_bulan_negara!$C$2:$C$595,data_bulan_negara!$B$2:$B$595,A9) -> 41080.18
A10: Cyprus | B10: =SUMIFS(data_bulan_negara!$C$2:$C$595,data_bulan_negara!$B$2:$B$595,A10) -> 24032.56
A11: Czech Republic | B11: =SUMIFS(data_bulan_negara!$C$2:$C$595,data_bulan_negara!$B$2:$B$595,A11) -> 707.72
A12: Denmark | B12: =SUMIFS(data_bulan_negara!$C$2:$C$595,data_bulan_negara!$B$2:$B$595,A12) -> 64459.59
A13: EIRE | B13: =SUMIFS(data_bulan_negara!$C$2:$C$595,data_bulan_negara!$B$2:$B$595,A13) -> 609953.78
... A44: West Indies | B44: =SUMIFS(data_bulan_negara!$C$2:$C$595,data_bulan_negara!$B$2:$B$595,A44) -> 536.41
